timestamp,bvp
1689044691.339928,68
1689044691.3899102,73
1689044691.439912,68
1689044691.489919,61
1689044691.5399106,55
1689044691.5899107,51
1689044691.6399121,49
1689044691.68992,47
1689044691.7389143,43
1689044691.7889104,39
1689044691.8389144,33
1689044691.8899095,28
1689044691.9399102,25
1689044691.988995,31
1689044692.029872,53
1689044692.0790448,63
1689044692.1296952,63
1689044692.1791794,58
1689044692.2393117,52
1689044692.289312,48
1689044692.3393111,47
1689044692.3893158,45
1689044692.439311,42
1689044692.4893155,37
1689044692.5393155,30
1689044692.5893116,25
1689044692.6393106,22
1689044692.6893115,20
1689044692.7393112,22
1689044692.789315,39
1689044692.8393106,58
1689044692.889316,62
1689044692.9392586,56
1689044692.9897778,49
1689044693.0237772,44
1689044693.073782,41
1689044693.1237774,40
1689044693.1737778,39
1689044693.2237818,35
1689044693.2737775,30
1689044693.3237774,25
1689044693.3737767,21
1689044693.4229565,18
1689044693.473608,15
1689044693.5236042,13
1689044693.5736036,18
1689044693.6236074,38
1689044693.673607,56
1689044693.7236032,57
1689044693.773603,50
1689044693.8236034,42
1689044693.8736098,37
1689044693.9236026,34
1689044693.9736023,32
1689044694.0066025,29
1689044694.0566068,26
1689044694.1066031,22
1689044694.1566021,19
1689044694.2076082,16
1689044694.2566037,14
1689044694.3067322,14
1689044694.356821,25
1689044694.4088273,45
1689044694.4568255,58
1689044694.506828,56
1689044694.5568213,48
1689044694.6068249,41
1689044694.6568215,37
1689044694.7068212,35
1689044694.756821,33
1689044694.8068204,30
1689044694.8568215,26
1689044694.9068198,23
1689044694.9568205,21
1689044694.9958205,19
1689044695.0408247,19
1689044695.0908241,31
1689044695.140825,51
1689044695.1908245,65
1689044695.240826,64
1689044695.2908196,57
1689044695.3408196,50
1689044695.3908203,45
1689044695.4408202,42
1689044695.490819,41
1689044695.5408213,39
1689044695.5908237,35
1689044695.6408186,32
1689044695.6908255,30
1689044695.7408233,28
1689044695.7908196,34
1689044695.840823,53
1689044695.890819,70
1689044695.9408193,70
1689044695.990823,64
1689044696.0288184,56
1689044696.0768237,50
1689044696.126818,47
1689044696.1768243,46
1689044696.2268186,42
1689044696.2768226,39
1689044696.3268187,34
1689044696.3768175,30
1689044696.4268224,28
1689044696.4768178,31
1689044696.5268178,48
1689044696.576822,68
1689044696.6268184,71
1689044696.6768217,66
1689044696.7268224,59
1689044696.7768176,55
1689044696.826817,53
1689044696.8768218,51
1689044696.9268167,47
1689044696.9768214,42
1689044697.0098212,38
1689044697.0658214,35
1689044697.1158173,32
1689044697.1658168,31
1689044697.2238164,40
1689044697.273817,58
1689044697.3238175,60
1689044697.373823,55
1689044697.4238162,49
1689044697.4738204,45
1689044697.5238156,44
1689044697.5738204,44
1689044697.6238203,41
1689044697.67382,38
1689044697.7238166,34
1689044697.7738168,31
1689044697.8238156,28
1689044697.87382,26
1689044697.923815,27
1689044697.973816,41
1689044698.0088193,57
1689044698.0578194,59
1689044698.1078146,56
1689044698.1570747,50
1689044698.2076426,44
1689044698.2576418,42
1689044698.307646,42
1689044698.357642,41
1689044698.4076412,39
1689044698.4576457,34
1689044698.5076456,29
1689044698.5576408,25
1689044698.6076405,22
1689044698.6576405,19
1689044698.707234,18
1689044698.7572567,24
1689044698.8082798,42
1689044698.857703,57
1689044698.907707,56
1689044698.9577024,48
1689044698.9967022,40
1689044699.0407019,38
1689044699.090704,37
1689044699.1407065,36
1689044699.1907017,35
1689044699.240707,30
1689044699.2907028,27
1689044699.3407016,24
1689044699.3907025,22
1689044699.440706,21
1689044699.490705,20
1689044699.5407012,25
1689044699.5907018,46
1689044699.6407058,59
1689044699.6907017,59
1689044699.7407053,51
1689044699.790701,43
1689044699.8407004,38
1689044699.8906052,36
1689044699.9401557,34
1689044699.9902976,31
1689044700.0232968,28
1689044700.074302,27
1689044700.1232967,25
1689044700.1733012,23
1689044700.223299,21
1689044700.273301,21
1689044700.3232973,34
1689044700.373296,54
1689044700.423301,65
1689044700.4733007,61
1689044700.5232978,54
1689044700.573303,48
1689044700.6232958,44
1689044700.6733005,43
1689044700.7232955,40
1689044700.7733004,36
1689044700.8232968,32
1689044700.8732953,29
1689044700.924299,27
1689044700.9743,25
1689044701.0073,27
1689044701.0583,35
1689044701.1082952,55
1689044701.1572962,67
1689044701.2082996,64
1689044701.2572958,56
1689044701.3073027,49
1689044701.357295,44
1689044701.4072998,43
1689044701.4572952,41
1689044701.5072958,38
1689044701.5572948,34
1689044701.607299,30
1689044701.6572938,28
1689044701.707294,26
1689044701.7572944,27
1689044701.8082995,39
1689044701.8572943,60
1689044701.907294,68
1689044701.9572933,63
1689044701.9962933,57
1689044702.0402935,54
1689044702.0902982,52
1689044702.140299,52
1689044702.1902943,50
1689044702.2402945,44
1689044702.290294,40
1689044702.3402984,36
1689044702.3902934,33
1689044702.4402928,31
1689044702.4905114,30
1689044702.540731,36
1689044702.5907266,52
1689044702.6407273,63
1689044702.6907258,60
1689044702.7407305,54
1689044702.7907257,50
1689044702.8407254,47
1689044702.890728,47
1689044702.9407268,45
1689044702.9907253,42
1689044703.024726,38
1689044703.0747266,36
1689044703.1247253,33
1689044703.1747262,30
1689044703.2247303,28
1689044703.2747252,26
1689044703.3244483,29
1689044703.3745122,45
1689044703.4245071,59
1689044703.4740133,57
1689044703.5240774,50
1689044703.5740814,44
1689044703.624077,40
1689044703.6740813,41
1689044703.724077,41
1689044703.7740808,39
1689044703.8240821,34
1689044703.8740807,29
1689044703.9240825,24
1689044703.9740834,21
1689044704.0070825,18
1689044704.0570765,16
1689044704.1070802,13
1689044704.1580756,14
1689044704.20708,29
1689044704.2570755,45
1689044704.3070765,53
1689044704.357076,48
1689044704.4070766,40
1689044704.45708,35
1689044704.50708,33
1689044704.5570762,32
1689044704.607075,31
1689044704.657076,29
1689044704.7070005,25
1689044704.757756,23
1689044704.8072314,21
1689044704.857133,20
1689044704.9066417,19
1689044704.9583583,20
1689044704.9963589,30
1689044705.0403626,43
1689044705.0903628,58
1689044705.140358,58
1689044705.1903641,50
1689044705.2403574,42
1689044705.2905521,39
1689044705.3407323,38
1689044705.3907285,37
1689044705.4407349,34
1689044705.4907277,30
1689044705.5407324,27
1689044705.5907297,24
1689044705.6407325,23
1689044705.6917317,22
1689044705.7417324,24
1689044705.7927275,36
1689044705.8417315,56
1689044705.8917277,67
1689044705.9417267,62
1689044705.9917328,53
1689044706.0247276,45
1689044706.0747313,43
1689044706.1247265,43
1689044706.1747277,42
1689044706.2247276,39
1689044706.2747324,35
1689044706.3247268,31
1689044706.374731,30
1689044706.4247272,30
1689044706.474732,31
1689044706.5247264,40
1689044706.5747259,60
1689044706.6247258,74
1689044706.674751,71
1689044706.7244346,63
1689044706.7744393,55
1689044706.8244352,51
1689044706.8744395,49
1689044706.9244354,47
1689044706.9744399,43
1689044707.0074406,40
1689044707.057434,38
1689044707.1075869,37
1689044707.157426,36
1689044707.207426,37
1689044707.2594259,45
1689044707.3074296,63
1689044707.3574247,71
1689044707.4074264,66
1689044707.4574246,59
1689044707.5074291,54
1689044707.5574248,51
1689044707.607425,50
1689044707.657425,48
1689044707.7074258,43
1689044707.757424,39
1689044707.8074286,36
1689044707.8574245,34
1689044707.907425,32
1689044707.957425,31
1689044707.9964247,40
1689044708.0464244,50
1689044708.096424,62
1689044708.1464238,58
1689044708.2074232,52
1689044708.2574244,48
1689044708.3084245,47
1689044708.357425,46
1689044708.4074275,45
1689044708.4574237,41
1689044708.5074277,39
1689044708.5574234,36
1689044708.6074276,34
1689044708.6574225,33
1689044708.7074273,30
1689044708.7574244,29
1689044708.8094273,39
1689044708.859423,54
1689044708.9074242,60
1689044708.9574242,55
1689044708.9964342,50
1689044709.0414264,48
1689044709.0914216,46
1689044709.1414268,45
1689044709.191423,42
1689044709.2414262,40
1689044709.291424,35
1689044709.3414261,31
1689044709.391423,28
1689044709.4414227,26
1689044709.4914217,24
1689044709.5414221,22
1689044709.5914457,21
1689044709.6414418,27
1689044709.6914458,45
1689044709.7414453,58
1689044709.7914457,55
1689044709.8414452,47
1689044709.891441,41
1689044709.941445,40
1689044709.991445,41
1689044710.0244448,40
1689044710.0744448,39
1689044710.124441,34
1689044710.174445,30
1689044710.2244406,27
1689044710.274441,24
1689044710.3244402,22
1689044710.374446,21
1689044710.4244401,23
1689044710.4744442,39
1689044710.52444,57
1689044710.5744455,61
1689044710.624439,54
1689044710.6744394,46
1689044710.7244396,41
1689044710.7744436,41
1689044710.8244438,42
1689044710.8744433,40
1689044710.9244387,36
1689044710.9744384,31
1689044711.0084434,28
1689044711.0584393,26
1689044711.108443,25
1689044711.1584387,24
1689044711.208443,24
1689044711.259443,39
1689044711.3084428,59
1689044711.3584425,65
1689044711.4084384,59
1689044711.4584384,51
1689044711.5084424,45
1689044711.5584428,43
1689044711.608442,44
1689044711.658442,44
1689044711.708442,42
1689044711.7584436,40
1689044711.8084419,39
1689044711.8584378,37
1689044711.9084415,35
1689044711.9584396,33
1689044711.997438,39
1689044712.0414412,51
1689044712.0914373,63
1689044712.1414418,62
1689044712.1914418,56
1689044712.2414412,50
1689044712.2914412,47
1689044712.3414414,46
1689044712.3914409,46
1689044712.441441,43
1689044712.4914496,40
1689044712.5414407,36
1689044712.5914412,32
1689044712.6414406,30
1689044712.6914363,28
1689044712.7414358,27
1689044712.7914355,26
1689044712.8414354,36
1689044712.8914359,54
1689044712.94144,61
1689044712.9914367,57
1689044713.0304353,52
1689044713.0774395,49
1689044713.1274364,46
1689044713.1774395,46
1689044713.2274394,44
1689044713.2774396,40
1689044713.3274355,36
1689044713.3774393,31
1689044713.4274397,27
1689044713.4774344,24
1689044713.5274358,22
1689044713.5774393,20
1689044713.6274385,19
1689044713.677434,21
1689044713.727439,38
1689044713.7774384,57
1689044713.8274477,60
1689044713.8774385,52
1689044713.9274344,44
1689044713.9774382,40
1689044714.0114334,39
1689044714.0614386,40
1689044714.1114333,40
1689044714.1614385,36
1689044714.2114382,30
1689044714.2614336,26
1689044714.3114378,22
1689044714.3614328,20
1689044714.4114335,18
1689044714.4614375,18
1689044714.5114324,18
1689044714.561433,26
1689044714.6114328,47
1689044714.6614323,64
1689044714.7114327,62
1689044714.761439,53
1689044714.8114796,45
1689044714.8617623,41
1689044714.9117632,42
1689044714.961763,42
1689044714.9977589,39
1689044715.0447621,35
1689044715.0947623,31
1689044715.1447618,27
1689044715.1947618,25
1689044715.2447581,23
1689044715.2947576,22
1689044715.3447576,22
1689044715.3947623,35
1689044715.444758,58
1689044715.494757,69
1689044715.5447612,63
1689044715.5947611,55
1689044715.6447613,48
1689044715.6947615,46
1689044715.7447565,47
1689044715.794761,45
1689044715.8447607,40
1689044715.8947608,35
1689044715.9447606,30
1689044715.9947608,27
1689044716.0277557,25
1689044716.0777564,25
1689044716.1277606,24
1689044716.1777604,30
1689044716.227756,50
1689044716.2787602,67
1689044716.3287551,66
1689044716.3788102,59
1689044716.4287603,53
1689044716.4787552,50
1689044716.5287616,50
1689044716.5787597,49
1689044716.6287599,45
1689044716.6787555,40
1689044716.7287595,35
1689044716.7787554,32
1689044716.828759,30
1689044716.8787594,29
1689044716.928755,28
1689044716.978759,34
1689044717.011754,51
1689044717.061755,61
1689044717.1117544,62
1689044717.1617806,55
1689044717.2117782,49
1689044717.2617803,46
1689044717.3117805,45
1689044717.3617783,45
1689044717.4117768,43
1689044717.4617758,39
1689044717.5117757,35
1689044717.56178,31
1689044717.611776,28
1689044717.6617749,25
1689044717.7117796,23
1689044717.7617762,21
1689044717.8117754,28
1689044717.861775,47
1689044717.9117744,61
1689044717.961779,56
1689044717.9977796,48
1689044718.0477743,44
1689044718.0977788,40
1689044718.1477754,40
1689044718.1977751,40
1689044718.2477741,38
1689044718.2977788,33
1689044718.3477788,27
1689044718.3977785,22
1689044718.4477744,18
1689044718.4977744,16
1689044718.5477781,14
1689044718.5977774,12
1689044718.647778,13
1689044718.6977735,28
1689044718.7477784,53
1689044718.797774,59
1689044718.8477738,53
1689044718.8977737,44
1689044718.9477775,38
1689044718.9977741,36
1689044719.0617733,35
1689044719.1117737,33
1689044719.1617768,29
1689044719.2117732,26
1689044719.261777,23
1689044719.3117733,22
1689044719.361773,21
1689044719.411772,21
1689044719.4617717,29
1689044719.5117767,50
1689044719.5617735,65
1689044719.6117744,64
1689044719.6617727,55
1689044719.7113113,47
1689044719.7616866,43
1689044719.811687,41
1689044719.8616855,40
1689044719.91169,37
1689044719.9616902,32
1689044719.9976912,28
1689044720.0446858,27
1689044720.0946863,25
1689044720.144686,24
1689044720.1946855,25
1689044720.2446895,37
1689044720.295686,59
1689044720.3446894,70
1689044720.3946853,67
1689044720.445685,59
1689044720.4956844,53
1689044720.5456889,49
1689044720.5956848,47
1689044720.6456902,43
1689044720.6956913,40
1689044720.7456908,37
1689044720.7952497,35
1689044720.8452463,35
1689044720.895246,35
1689044720.9452507,36
1689044720.9952497,48
1689044721.0292451,67
1689044721.0782516,72
1689044721.128246,68
1689044721.178244,62
1689044721.2332513,57
1689044721.2832453,54
1689044721.3332438,52
1689044721.3832462,49
1689044721.433245,43
1689044721.4832463,39
1689044721.5332446,35
1689044721.5832443,32
1689044721.633248,31
1689044721.6852443,31
1689044721.7332444,40
1689044721.784248,56
1689044721.8342483,62
1689044721.8842444,58
1689044721.9342477,53
1689044721.9842427,49
1689044722.0172434,48
1689044722.0672438,48
1689044722.1172433,46
1689044722.1672437,43
1689044722.2252433,40
1689044722.2752507,37
1689044722.3252423,35
1689044722.3752468,33
1689044722.425247,33
1689044722.4752438,32
1689044722.5252428,39
1689044722.5752494,52
1689044722.6252432,57
1689044722.6752462,68
1689044722.7252429,58
1689044722.775243,52
1689044722.825246,50
1689044722.8752434,49
1689044722.925246,45
1689044722.9752414,39
1689044723.009246,32
1689044723.059243,30
1689044723.1092422,24
1689044723.1592429,20
1689044723.2092457,17
1689044723.2592456,15
1689044723.3092408,12
1689044723.3602414,27
1689044723.4092405,56
1689044723.4592412,67
1689044723.5092452,57
1689044723.5592415,45
1689044723.6092448,38
1689044723.6592448,37
1689044723.7092407,38
1689044723.7592406,35
1689044723.809241,27
1689044723.8592408,19
1689044723.9092443,13
1689044723.9592412,9
1689044723.9982429,8
1689044724.0422442,7
1689044724.0922441,5
1689044724.1422415,19
1689044724.1922524,53
1689044724.242257,75
1689044724.292252,69
1689044724.342256,56
1689044724.3922524,44
1689044724.442256,39
1689044724.492256,40
1689044724.5422556,40
1689044724.592252,34
1689044724.6422555,25
1689044724.6922565,18
1689044724.7422557,14
1689044724.7922554,13
1689044724.8422523,12
1689044724.8922553,15
1689044724.942251,44
1689044724.9922512,77
1689044725.0252528,83
1689044725.075251,80
1689044725.125251,67
1689044725.1752498,56
1689044725.2252557,48
1689044725.2752502,49
1689044725.325255,47
1689044725.3752546,40
1689044725.4252498,32
1689044725.4752502,26
1689044725.5252502,22
1689044725.5752501,20
1689044725.62525,19
1689044725.6752555,26
1689044725.7252498,53
1689044725.775255,78
1689044725.82525,76
1689044725.8752496,67
1689044725.9262495,59
1689044725.9762502,55
1689044726.0092502,55
1689044726.0592532,55
1689044726.1092484,50
1689044726.159249,43
1689044726.2102547,38
1689044726.259249,33
1689044726.3092532,31
1689044726.3598106,30
1689044726.4098098,29
1689044726.459814,36
1689044726.5098104,57
1689044726.5598097,73
1689044726.60981,68
1689044726.6598096,59
1689044726.7098136,52
1689044726.7598126,49
1689044726.8098102,48
1689044726.8598094,46
1689044726.9096115,41
1689044726.959611,36
1689044726.9986157,31
1689044727.045615,29
1689044727.0956151,26
1689044727.1456149,24
1689044727.1956108,22
1689044727.2456105,24
1689044727.2956104,43
1689044727.34561,67
1689044727.3956106,68
1689044727.4456103,58
1689044727.495616,50
1689044727.5456102,45
1689044727.5956151,45
1689044727.6456094,44
1689044727.6956139,40
1689044727.7456098,32
1689044727.7956092,25
1689044727.8456097,19
1689044727.8956153,14
1689044727.9456131,10
1689044727.9956133,6
1689044728.0336132,4
1689044728.081609,4
1689044728.131613,25
1689044728.181614,59
1689044728.2426128,66
1689044728.292613,53
1689044728.3426125,40
1689044728.392608,34
1689044728.442608,35
1689044728.4926124,37
1689044728.5426095,33
1689044728.592608,26
1689044728.6426125,18
1689044728.692608,12
1689044728.7426083,8
1689044728.7926075,6
1689044728.8426118,6
1689044728.8926115,6
1689044728.9426076,26
1689044728.9926124,64
1689044729.0326083,83
1689044729.0826116,76
1689044729.132611,61
1689044729.182608,47
1689044729.2426112,41
1689044729.2926114,43
1689044729.3426116,45
1689044729.3926067,41
1689044729.442611,30
1689044729.4926066,23
1689044729.5426078,19
1689044729.5926108,16
1689044729.6426072,15
1689044729.6926103,13
1689044729.7426062,19
1689044729.792606,59
1689044729.84261,84
1689044729.89261,81
1689044729.94261,67
1689044729.9926097,54
1689044730.0316095,48
1689044730.07961,49
1689044730.1296098,52
1689044730.1796055,47
1689044730.2296057,39
1689044730.2796102,31
1689044730.3296058,26
1689044730.3796055,25
1689044730.4296067,25
1689044730.479609,24
1689044730.5296125,30
1689044730.5796025,58
1689044730.6296072,85
1689044730.679606,82
1689044730.7296069,69
1689044730.7796023,57
1689044730.8296058,52
1689044730.8796022,53
1689044730.9296024,53
1689044730.9796016,48
1689044731.012601,40
1689044731.0686076,34
1689044731.1186016,28
1689044731.168605,24
1689044731.2266057,21
1689044731.2766016,19
1689044731.326601,20
1689044731.3766007,43
1689044731.4266064,74
1689044731.476605,76
1689044731.526606,63
1689044731.5765998,49
1689044731.6266046,42
1689044731.676601,44
1689044731.7266045,46
1689044731.7766006,42
1689044731.8266006,34
1689044731.876604,24
1689044731.926606,16
1689044731.976604,9
1689044732.009604,5
1689044732.0596037,4
1689044732.1116009,3
1689044732.1636038,16
1689044732.2155988,54
1689044732.2655993,79
1689044732.3156052,69
1689044732.3655992,50
1689044732.4155996,34
1689044732.4653835,24
1689044732.5157425,23
1689044732.5657437,24
1689044732.6157465,20
1689044732.6657462,12
1689044732.7157464,3
1689044732.765746,0
1689044732.8157413,0
1689044732.8657408,0
1689044732.9157407,0
1689044732.965741,18
1689044732.998801,58
1689044733.048657,74
1689044733.0986564,69
1689044733.1486523,50
1689044733.2096562,35
1689044733.2596521,28
1689044733.3096569,30
1689044733.3596559,30
1689044733.4096522,28
1689044733.4596524,24
1689044733.5096517,21
1689044733.559657,20
1689044733.6116562,22
1689044733.6616557,41
1689044733.7126517,85
1689044733.7596514,112
1689044733.8096504,105
1689044733.8596504,66
1689044733.909051,61
1689044733.9596515,59
1689044733.9986477,58
1689044734.046647,56
1689044734.0966516,50
1689044734.146652,46
1689044734.1966512,44
1689044734.2466474,43
1689044734.2966523,42
1689044734.3466516,42
1689044734.3966508,49
1689044734.4466476,57
1689044734.496648,56
1689044734.5466466,62
1689044734.5966513,54
1689044734.646647,48
1689044734.6966505,45
1689044734.7466567,42
1689044734.7966504,37
1689044734.8466477,29
1689044734.8966465,21
1689044734.9466455,15
1689044734.9966455,10
1689044735.0296452,7
1689044735.0792232,10
1689044735.129138,37
1689044735.1791384,61
1689044735.229141,58
1689044735.2791378,47
1689044735.329141,38
1689044735.3791368,34
1689044735.4291375,35
1689044735.4791365,37
1689044735.529141,33
1689044735.5791378,28
1689044735.6291358,23
1689044735.6791363,20
1689044735.7291362,19
1689044735.7791362,18
1689044735.8291357,32
1689044735.8791363,59
1689044735.929136,71
1689044735.9791393,65
1689044736.0121398,58
1689044736.0621395,54
1689044736.112135,52
1689044736.1621354,53
1689044736.212135,53
1689044736.262136,49
1689044736.312139,45
1689044736.362139,41
1689044736.412136,40
1689044736.462139,38
1689044736.5121353,36
1689044736.5621386,37
1689044736.6121345,50
1689044736.6621394,66
1689044736.712135,65
1689044736.762135,58
1689044736.812135,52
1689044736.862138,48
1689044736.912134,46
1689044736.962138,44
1689044736.9991388,40
1689044737.0461338,37
1689044737.0961385,31
1689044737.1461334,27
1689044737.1961374,24
1689044737.246135,21
1689044737.2961388,20
1689044737.3461378,18
1689044737.3961334,16
1689044737.4461336,29
1689044737.4961326,52
1689044737.546134,61
1689044737.5961373,53
1689044737.646133,45
1689044737.696133,40
1689044737.7461329,39
1689044737.7961378,38
1689044737.846133,37
1689044737.8961368,33
1689044737.946133,28
1689044737.996133,25
1689044738.0292127,24
1689044738.0792124,24
1689044738.1292164,24
1689044738.1792126,25
1689044738.2292168,25
1689044738.2792163,32
1689044738.329216,52
1689044738.3792129,66
1689044738.4292161,62
1689044738.4792118,57
1689044738.5292165,54
1689044738.5792115,52
1689044738.6292117,52
1689044738.6792161,50
1689044738.7292116,46
1689044738.779214,41
1689044738.8292112,39
1689044738.8792117,38
1689044738.9292114,37
1689044738.9792154,35
1689044739.0132134,34
1689044739.0632164,32
1689044739.1132147,30
1689044739.1632104,33
1689044739.213212,48
1689044739.263211,60
1689044739.3132102,57
1689044739.3632102,50
1689044739.4132102,45
1689044739.4632156,41
1689044739.5132103,39
1689044739.5632102,36
1689044739.6132102,32
1689044739.6632097,27
1689044739.7132092,24
1689044739.7632136,21
1689044739.813211,19
1689044739.8632123,18
1689044739.9132137,17
1689044739.9632154,16
1689044739.9992135,14
1689044740.0462136,13
1689044740.0962088,29
1689044740.1462138,55
1689044740.196213,64
1689044740.246209,57
1689044740.2962146,49
1689044740.3462129,43
1689044740.3962126,40
1689044740.4462128,40
1689044740.496213,40
1689044740.546209,36
1689044740.5962076,31
1689044740.6462088,29
1689044740.6962094,29
1689044740.7462127,30
1689044740.7962124,29
1689044740.8462126,29
1689044740.8962123,30
1689044740.9462125,40
1689044740.9962122,62
1689044741.0292125,77
1689044741.0792115,76
1689044741.1292114,69
1689044741.1792073,63
1689044741.2292085,59
1689044741.2792072,57
1689044741.3302085,55
1689044741.3802114,51
1689044741.4302108,44
1689044741.4802074,39
1689044741.5302126,33
1689044741.5802069,29
1689044741.630211,25
1689044741.6802106,22
1689044741.7302122,19
1689044741.7802072,15
1689044741.8302057,18
1689044741.880207,41
1689044741.9302063,61
1689044741.980212,57
1689044742.013206,47
1689044742.06321,42
1689044742.1132057,36
1689044742.1632068,33
1689044742.2132058,33
1689044742.2642112,31
1689044742.3132107,26
1689044742.3632095,20
1689044742.4132051,16
1689044742.4632053,12
1689044742.5132055,10
1689044742.5632098,8
1689044742.613205,8
1689044742.6632042,7
1689044742.7132087,18
1689044742.7632096,52
1689044742.8132052,78
1689044742.8632085,73
1689044742.913205,64
1689044742.963209,56
1689044742.9992082,52
1689044743.046204,53
1689044743.0962045,54
1689044743.146204,51
1689044743.1962082,46
1689044743.2462084,40
1689044743.2962081,37
1689044743.3462029,36
1689044743.3962092,36
1689044743.446204,35
1689044743.4962044,33
1689044743.5462081,41
1689044743.5962033,64
1689044743.6462028,76
1689044743.6962035,69
1689044743.746203,59
1689044743.7962077,52
1689044743.8462086,45
1689044743.896207,41
1689044743.946207,39
1689044743.9962075,34
1689044744.0302067,26
1689044744.0802028,20
1689044744.1302063,13
1689044744.1802063,6
1689044744.2302063,1
1689044744.2802038,0
1689044744.3302028,0
1689044744.3802068,0
1689044744.4302063,5
1689044744.480202,43
1689044744.5302072,69
1689044744.5802014,61
1689044744.6302059,49
1689044744.6802068,40
1689044744.730206,35
1689044744.7802014,35
1689044744.8302057,35
1689044744.8802009,29
1689044744.9302015,20
1689044744.9802012,13
1689044745.0132012,8
1689044745.063205,6
1689044745.1132047,6
1689044745.1632006,6
1689044745.2152007,6
1689044745.2632008,22
1689044745.3132005,60
1689044745.3632047,85
1689044745.4131997,81
1689044745.4632041,72
1689044745.5132003,66
1689044745.563204,63
1689044745.6132002,64
1689044745.6632042,62
1689044745.7132044,58
1689044745.763206,54
1689044745.8131995,50
1689044745.8632,45
1689044745.9132001,41
1689044745.9631999,36
1689044745.9992034,32
1689044746.047204,35
1689044746.0972035,58
1689044746.1471992,79
1689044746.1971993,77
1689044746.2472029,68
1689044746.2972035,60
1689044746.3472083,52
1689044746.397203,46
1689044746.4471996,42
1689044746.4971986,38
1689044746.5471983,30
1689044746.597202,21
1689044746.6471977,14
1689044746.6971977,9
1689044746.747157,4
1689044746.7977545,0
1689044746.8477502,0
1689044746.897755,0
1689044746.9477506,14
1689044746.9977536,53
1689044747.0307505,69
1689044747.0807495,64
1689044747.1307535,52
1689044747.1807494,41
1689044747.2307496,35
1689044747.280749,32
1689044747.330749,32
1689044747.3807492,28
1689044747.4307528,22
1689044747.4807534,16
1689044747.5307531,11
1689044747.5807488,9
1689044747.6307528,8
1689044747.6807542,10
1689044747.7307491,15
1689044747.7807488,46
1689044747.830752,87
1689044747.880752,96
1689044747.9307525,85
1689044747.9807987,75
1689044748.0137482,67
1689044748.0637484,64
1689044748.1137476,64
1689044748.163748,61
1689044748.213749,55
1689044748.2637472,49
1689044748.3137527,45
1689044748.3637466,44
1689044748.4137473,44
1689044748.4637475,42
1689044748.5137522,39
1689044748.5637472,46
1689044748.613747,67
1689044748.6637514,75
1689044748.7137475,70
1689044748.7637525,61
1689044748.8137467,54
1689044748.863747,47
1689044748.9137468,42
1689044748.9637463,40
1689044749.0007503,33
1689044749.0477505,28
1689044749.0977461,20
1689044749.147746,13
1689044749.19775,8
1689044749.2477508,5
1689044749.2977464,1
1689044749.347746,0
1689044749.3977554,2
1689044749.4477494,35
1689044749.4977496,67
1689044749.5477457,68
1689044749.5977514,56
1689044749.6477492,45
1689044749.697749,37
1689044749.7477493,35
1689044749.7977493,36
1689044749.8477454,34
1689044749.8977456,28
1689044749.947745,21
1689044749.9977489,15
1689044750.0307446,12
1689044750.0807447,11
1689044750.1307485,10
1689044750.18075,9
1689044750.2307484,14
1689044750.2807484,43
1689044750.3307486,81
1689044750.3807442,89
1689044750.4307482,77
1689044750.480743,67
1689044750.5307493,59
1689044750.5807438,55
1689044750.6307478,54
1689044750.6807437,50
1689044750.7307477,41
1689044750.7807484,32
1689044750.8307438,24
1689044750.8807435,18
1689044750.9307477,19
1689044750.980749,29
1689044751.0147436,42
1689044751.064742,48
1689044751.1147428,58
1689044751.1647427,80
1689044751.2147424,91
1689044751.2647429,84
1689044751.3147423,73
1689044751.364743,64
1689044751.414743,57
1689044751.4647462,53
1689044751.5147464,48
1689044751.5647483,40
1689044751.614742,32
1689044751.6647422,23
1689044751.7287464,15
1689044751.7787461,8
1689044751.8287418,2
1689044751.8787425,0
1689044751.9287455,0
1689044751.9787457,0
1689044752.0117416,10
1689044752.0637453,37
1689044752.1117408,73
1689044752.1617415,74
1689044752.211741,58
1689044752.2617464,44
1689044752.3117409,34
1689044752.3617446,29
1689044752.4117453,28
1689044752.4617443,25
1689044752.511741,19
1689044752.5617445,11
1689044752.6117444,5
1689044752.6617444,2
1689044752.7117393,0
1689044752.7617407,0
1689044752.8117404,0
1689044752.8617449,0
1689044752.912742,5
1689044752.9627447,50
1689044753.0007436,92
1689044753.044745,98
1689044753.0947433,63
1689044753.1447437,55
1689044753.1947434,50
1689044753.2447438,49
1689044753.2947392,51
1689044753.3447397,51
1689044753.394743,49
1689044753.4447389,46
1689044753.4947429,44
1689044753.5457385,43
1689044753.5947428,41
1689044753.6447392,39
1689044753.6947424,36
1689044753.7447393,42
1689044753.7947423,61
1689044753.844742,67
1689044753.894738,63
1689044753.9447424,56
1689044753.994738,50
1689044754.0287423,45
1689044754.078739,42
1689044754.128742,41
1689044754.1787379,38
1689044754.2287416,33
1689044754.2787368,27
1689044754.3287413,22
1689044754.378742,19
1689044754.4287415,16
1689044754.478737,14
1689044754.5287373,11
1689044754.5787375,8
1689044754.6287413,11
1689044754.6787364,29
1689044754.7287414,51
1689044754.7787375,59
1689044754.828741,53
1689044754.878737,45
1689044754.9287364,40
1689044754.9787364,38
1689044755.0117364,37
1689044755.0617368,36
1689044755.1117404,33
1689044755.1617398,29
1689044755.2117403,25
1689044755.26174,22
1689044755.3117359,21
1689044755.3617399,21
1689044755.41174,21
1689044755.4617362,21
1689044755.512741,32
1689044755.5617356,57
1689044755.6117358,77
1689044755.6617355,77
1689044755.711735,72
1689044755.7613473,66
1689044755.8110955,64
1689044755.8616028,63
1689044755.9115992,60
1689044755.9615984,54
1689044756.0006027,48
1689044756.0456033,44
1689044756.0956025,40
1689044756.1456025,37
1689044756.1956027,35
1689044756.2456057,33
1689044756.2953131,31
1689044756.3453176,29
1689044756.395317,41
1689044756.445313,59
1689044756.495317,63
1689044756.5456684,60
1689044756.5956676,53
1689044756.6456676,45
1689044756.6956685,40
1689044756.7447882,38
1689044756.7957888,35
1689044756.8457882,31
1689044756.8957882,26
1689044756.945788,22
1689044756.9957883,18
1689044757.0277877,16
1689044757.0787892,15
1689044757.1287944,14
1689044757.1787927,14
1689044757.228793,13
1689044757.2787874,16
1689044757.3287892,33
1689044757.3787873,56
1689044757.4287875,65
1689044757.478788,60
1689044757.5287874,51
1689044757.578707,45
1689044757.6287053,42
1689044757.6787055,42
1689044757.7287016,41
1689044757.7787068,39
1689044757.8287055,35
1689044757.8787022,32
1689044757.928705,29
1689044757.9787004,28
1689044758.011701,30
1689044758.0617006,32
1689044758.1117003,34
1689044758.1617014,40
1689044758.2117045,60
1689044758.2637045,78
1689044758.3117056,77
1689044758.3617039,69
1689044758.4117086,63
1689044758.4616995,60
1689044758.5117,55
1689044758.5617037,52
1689044758.6116993,47
1689044758.6617036,38
1689044758.7117043,30
1689044758.7617002,23
1689044758.8117,19
1689044758.8617036,16
1689044758.9116993,14
1689044758.9617028,12
1689044759.0006979,10
1689044759.045699,9
1689044759.0957024,12
1689044759.1456988,29
1689044759.195699,54
1689044759.245699,61
1689044759.2957022,57
1689044759.345703,50
1689044759.3956985,43
1689044759.445699,40
1689044759.4957025,40
1689044759.5457025,38
1689044759.595702,35
1689044759.6457021,31
1689044759.6957018,27
1689044759.7456968,24
1689044759.795698,22
1689044759.8456976,21
1689044759.8956978,22
1689044759.9457016,22
1689044759.9956975,33
1689044760.0286975,63
1689044760.0786972,74
1689044760.128701,80
1689044760.1787019,73
1689044760.2286973,65
1689044760.2786984,59
1689044760.3287008,56
1689044760.3787007,56
1689044760.428702,55
1689044760.4786963,52
1689044760.5287,49
1689044760.578698,45
1689044760.6286962,41
1689044760.6787004,38
1689044760.7287009,36
1689044760.7786958,35
1689044760.8286963,32
1689044760.878697,32
1689044760.9287577,46
1689044760.9787006,62
1689044761.0126963,63
1689044761.0626998,59
1689044761.112699,53
1689044761.1626995,48
1689044761.213695,44
1689044761.2626948,42
1689044761.3126998,40
1689044761.3626952,36
1689044761.4126995,30
1689044761.462695,24
1689044761.5126994,19
1689044761.562695,15
1689044761.6126945,13
1689044761.6626945,11
1689044761.7126946,10
1689044761.7626987,8
1689044761.8126945,11
1689044761.863698,28
1689044761.913698,52
1689044761.9626982,63
1689044762.0016983,59
1689044762.0456984,54
1689044762.0956936,46
1689044762.145694,41
1689044762.1956985,40
1689044762.2456946,39
1689044762.295698,36
1689044762.3456979,31
1689044762.3956985,27
1689044762.4456942,24
1689044762.4956975,23
1689044762.5456922,24
1689044762.5956917,24
1689044762.6456947,24
1689044762.6956973,30
1689044762.745697,60
1689044762.795697,86
1689044762.8456926,87
1689044762.895697,81
1689044762.9456937,74
1689044762.9956963,67
1689044763.0286925,62
1689044763.0786984,60
1689044763.128696,56
1689044763.178696,50
1689044763.2286925,44
1689044763.2786968,39
1689044763.3286955,33
1689044763.3786917,28
1689044763.4286952,24
1689044763.478696,21
1689044763.5296912,19
1689044763.5796914,17
1689044763.629695,20
1689044763.6796901,39
1689044763.7296956,57
1689044763.7796907,58
1689044763.8296916,50
1689044763.879695,42
1689044763.92969,37
1689044763.9796913,34
1689044764.0126908,34
1689044764.0626912,33
1689044764.1126902,30
1689044764.1626954,26
1689044764.2136905,23
1689044764.2626905,20
1689044764.3126945,18
1689044764.3626897,18
1689044764.4126945,17
1689044764.462694,16
1689044764.5126908,19
1689044764.5626898,35
1689044764.6126895,58
1689044764.6627061,69
1689044764.7126946,64
1689044764.7626894,56
1689044764.8126893,50
1689044764.8626933,48
1689044764.912689,47
1689044764.9626892,44
1689044765.0016897,40
1689044765.045689,40
1689044765.0956943,40
1689044765.1456888,42
1689044765.1956885,44
1689044765.2456887,44
1689044765.2956922,41
1689044765.3456883,39
1689044765.3956885,46
1689044765.4456882,64
1689044765.4956887,72
1689044765.545693,67
1689044765.595698,60
1689044765.6456883,54
1689044765.6956918,47
1689044765.7456875,43
1689044765.7956882,40
1689044765.8456874,36
1689044765.8956912,29
1689044765.9456916,23
1689044765.9956927,18
1689044766.029687,15
1689044766.0796876,13
1689044766.1296911,11
1689044766.1796918,9
1689044766.2296908,9
1689044766.2796876,15
1689044766.3296907,36
1689044766.3796904,57
1689044766.4296908,61
1689044766.4796865,55
1689044766.5296907,47
1689044766.579686,41
1689044766.6296902,40
1689044766.679686,40
1689044766.7296863,38
1689044766.7796867,34
1689044766.8296897,29
1689044766.87969,26
1689044766.929686,25
1689044766.9796855,25
1689044767.0126908,25
1689044767.0626855,25
1689044767.1136858,30
1689044767.1636853,51
1689044767.2126856,77
1689044767.2626905,83
1689044767.3126872,78
1689044767.3626852,71
1689044767.4126854,66
1689044767.4626896,62
1689044767.5126894,60
1689044767.5626853,55
1689044767.6126895,50
1689044767.6626885,43
1689044767.7126844,39
1689044767.7626846,34
1689044767.8126845,29
1689044767.862689,26
1689044767.912688,22
1689044767.9626915,17
1689044768.0016837,20
1689044768.0456898,31
1689044768.0956876,48
1689044768.1456838,52
1689044768.1956878,45
1689044768.2456834,38
1689044768.2966838,33
1689044768.3466876,31
1689044768.396683,31
1689044768.446688,30
1689044768.4966881,28
1689044768.5466833,25
1689044768.5966866,22
1689044768.6466832,21
1689044768.6966872,20
1689044768.746683,21
1689044768.7966826,22
1689044768.8466861,30
1689044768.8966866,50
1689044768.9466825,70
1689044768.996687,73
1689044769.029686,67
1689044769.0796864,63
1689044769.129686,58
1689044769.1796858,57
1689044769.229682,58
1689044769.2796874,57
1689044769.3296854,53
1689044769.3796816,49
1689044769.4296858,45
1689044769.4796815,42
1689044769.529688,40
1689044769.5796816,38
1689044769.6296813,36
1689044769.6796813,40
1689044769.7296815,54
1689044769.779681,65
1689044769.829685,62
1689044769.87968,56
1689044769.929681,50
1689044769.97968,45
1689044770.0126803,42
1689044770.0626848,40
1689044770.1126804,37
1689044770.1626842,32
1689044770.213681,25
1689044770.262684,20
1689044770.312684,18
1689044770.3626828,17
1689044770.4126801,16
1689044770.4626837,15
1689044770.512679,15
1689044770.5646803,21
1689044770.6146808,41
1689044770.662684,62
1689044770.7126832,64
1689044770.7626793,57
1689044770.8126833,49
1689044770.8626835,43
1689044770.9126785,42
1689044770.9626834,41
1689044771.001683,40
1689044771.0466793,37
1689044771.09668,32
1689044771.1466827,29
1689044771.1966789,28
1689044771.246683,28
1689044771.2966826,29
1689044771.3466835,32
1689044771.3966775,39
1689044771.4466782,59
1689044771.496682,75
1689044771.5466826,74
1689044771.5966778,68
1689044771.646683,64
1689044771.6966817,60
1689044771.7466817,57
1689044771.7966812,54
1689044771.846677,49
1689044771.8966813,44
1689044771.946681,40
1689044771.9966774,38
1689044772.029678,35
1689044772.0796764,33
1689044772.1296809,30
1689044772.1796813,27
1689044772.2296767,24
1689044772.2796772,24
1689044772.3296773,40
1689044772.3796804,55
1689044772.4296775,54
1689044772.4796805,47
1689044772.5296764,40
1689044772.5796762,35
1689044772.6296809,33
1689044772.67968,33
1689044772.7296803,32
1689044772.7796798,28
1689044772.8296757,23
1689044772.8796756,19
1689044772.9296765,16
1689044772.9796765,15
1689044773.0136755,15
1689044773.06368,16
1689044773.1136796,16
1689044773.1646764,24
1689044773.2136755,44
1689044773.2636752,63
1689044773.3136744,64
1689044773.363679,55
1689044773.4136758,46
1689044773.463679,40
1689044773.513679,40
1689044773.563676,40
1689044773.6136792,40
1689044773.6636748,37
1689044773.7136745,34
1689044773.7636747,33
1689044773.8136744,35
1689044773.863679,39
1689044773.9136732,42
1689044773.964678,48
1689044774.0026739,63
1689044774.046674,72
1689044774.0966742,73
1689044774.146673,66
1689044774.1966777,60
1689044774.2466748,55
1689044774.2966778,52
1689044774.3466778,50
1689044774.3966782,46
1689044774.4466772,40
1689044774.4966772,33
1689044774.5466769,27
1689044774.5966733,22
1689044774.6466782,19
1689044774.7136765,16
1689044774.7636728,13
1689044774.8146794,19
1689044774.8646727,39
1689044774.9146724,55
1689044774.9636722,54
1689044775.0026724,45
1689044775.0496724,40
1689044775.09968,35
1689044775.1496758,34
1689044775.1996717,35
1689044775.2496758,33
1689044775.2996757,29
1689044775.3496718,26
1689044775.3996754,23
1689044775.4496756,22
1689044775.4996722,22
1689044775.549677,24
1689044775.5996704,37
1689044775.649675,60
1689044775.699672,71
1689044775.7496767,67
1689044775.799675,59
1689044775.8496711,54
1689044775.8996708,51
1689044775.9496748,52
1689044775.999671,51
1689044776.0326698,48
1689044776.0826747,46
1689044776.132675,43
1689044776.1826725,40
1689044776.2326744,39
1689044776.2826746,37
1689044776.3326702,38
1689044776.38267,50
1689044776.4326699,63
1689044776.4826736,62
1689044776.5326738,56
1689044776.582675,51
1689044776.6326737,47
1689044776.6826735,44
1689044776.732745,42
1689044776.7826693,39
1689044776.8326697,34
1689044776.882669,28
1689044776.9326692,23
1689044776.9826696,19
1689044777.0166728,16
1689044777.0666728,16
1689044777.116673,16
1689044777.166669,28
1689044777.2166684,49
1689044777.2666683,60
1689044777.3166726,55
1689044777.3666723,47
1689044777.4166722,42
1689044777.4660203,40
1689044777.5164752,40
1689044777.5664752,40
1689044777.6164713,37
1689044777.6664717,32
1689044777.7164705,29
1689044777.7664745,27
1689044777.8164709,27
1689044777.8664725,28
1689044777.9164708,37
1689044777.9664702,56
1689044778.0024698,68
1689044778.0494738,67
1689044778.0994704,62
1689044778.1494741,58
1689044778.19947,55
1689044778.2494738,54
1689044778.2994697,52
1689044778.3494735,48
1689044778.3994694,44
1689044778.4494705,40
1689044778.49947,37
1689044778.5494692,34
1689044778.5994732,32
1689044778.6494732,30
1689044778.713473,34
1689044778.763469,50
1689044778.8134727,56
1689044778.8634732,64
1689044778.9134684,54
1689044778.9634688,44
1689044779.0024722,38
1689044779.0464694,36
1689044779.0964725,36
1689044779.1464684,30
1689044779.1964748,21
1689044779.2464721,12
1689044779.2964675,6
1689044779.3464682,3
1689044779.3964717,2
1689044779.4464688,2
1689044779.496472,4
1689044779.5464714,50
1689044779.596468,78
1689044779.6464715,80
1689044779.6964667,67
1689044779.7466369,54
1689044779.7958086,45
1689044779.8458097,46
1689044779.8958137,48
1689044779.945812,44
1689044779.996809,39
1689044780.0298083,32
1689044780.079812,28
1689044780.129807,25
1689044780.1798072,29
1689044780.2298112,35
1689044780.279812,48
1689044780.3308067,74
1689044780.3798075,90
1689044780.4298112,85
1689044780.4798107,74
1689044780.529811,65
1689044780.579807,57
1689044780.6298106,54
1689044780.6798105,50
1689044780.7298102,43
1689044780.7798102,33
1689044780.8298073,23
1689044780.8798103,14
1689044780.9298103,7
1689044780.9798062,3
1689044781.012806,0
1689044781.0628057,0
1689044781.1128101,0
1689044781.1658056,31
1689044781.2128096,68
1689044781.2628102,72
1689044781.3128054,58
1689044781.3628094,45
1689044781.412805,36
1689044781.462805,35
1689044781.5128095,36
1689044781.5629163,32
1689044781.612809,23
1689044781.663805,14
1689044781.7129624,9
1689044781.7636278,7
1689044781.8131356,7
1689044781.8631399,7
1689044781.9151397,15
1689044781.965141,52
1689044782.0021353,89
1689044782.0471358,94
1689044782.0971394,86
1689044782.1471395,76
1689044782.1971393,68
1689044782.2471364,66
1689044782.2971392,64
1689044782.347141,59
1689044782.397136,51
1689044782.4471388,45
1689044782.4971347,39
1689044782.5471346,33
1689044782.5971348,28
1689044782.6471405,23
1689044782.7111416,19
1689044782.7611382,40
1689044782.8111331,69
1689044782.8611343,74
1689044782.9111395,66
1689044782.9611347,54
1689044783.002138,43
1689044783.0441341,37
1689044783.0941336,34
1689044783.1441348,29
1689044783.1941373,21
1689044783.2471333,10
1689044783.2971337,0
1689044783.3471332,0
1689044783.3971372,0
1689044783.4471328,0
1689044783.4971368,0
1689044783.547137,0
1689044783.5971327,0
1689044783.647133,38
1689044783.697133,85
1689044783.7471368,85
1689044783.7971327,56
1689044783.847133,47
1689044783.8971329,42
1689044783.9471364,41
1689044783.997141,40
1689044784.0301325,38
1689044784.080137,34
1689044784.130132,30
1689044784.180132,29
1689044784.230136,30
1689044784.2801316,32
1689044784.3301353,34
1689044784.3801315,36
1689044784.4301317,52
1689044784.480136,71
1689044784.530131,72
1689044784.5803294,66
1689044784.6303298,59
1689044784.6803334,55
1689044784.730336,52
1689044784.7803283,50
1689044784.8303304,46
1689044784.8803327,40
1689044784.9303293,36
1689044784.980334,31
1689044785.014328,28
1689044785.0643325,27
1689044785.1143339,25
1689044785.1643288,23
1689044785.2143302,26
1689044785.265333,42
1689044785.3143322,57
1689044785.364334,55
1689044785.414333,47
1689044785.4643319,40
1689044785.514332,37
1689044785.564347,36
1689044785.6143475,36
1689044785.6643429,33
1689044785.7143464,30
1689044785.7643461,25
1689044785.8143477,21
1689044785.8643427,19
1689044785.9143414,18
1689044785.9643419,18
1689044786.0023463,20
1689044786.047346,33
1689044786.0973423,54
1689044786.1473415,63
1689044786.1973453,58
1689044786.2473454,47
1689044786.2973413,41
1689044786.3469062,39
1689044786.396902,40
1689044786.446906,40
1689044786.4969065,39
1689044786.546902,38
1689044786.5969024,40
1689044786.6469061,41
1689044786.6969056,41
1689044786.7469056,39
1689044786.796906,44
1689044786.8469021,60
1689044786.8969057,66
1689044786.947902,61
1689044786.9969049,55
1689044787.0299056,51
1689044787.0799053,49
1689044787.1299062,46
1689044787.1799023,43
1689044787.2299008,39
1689044787.279905,34
1689044787.3299007,30
1689044787.379901,26
1689044787.4299006,22
1689044787.4799006,19
1689044787.5309143,17
1689044787.5799057,20
1689044787.629905,39
1689044787.679904,55
1689044787.7299,58
1689044787.7798998,51
1689044787.8299043,44
1689044787.8799002,40
1689044787.9299,40
1689044787.9799035,40
1689044788.0139184,38
1689044788.0639195,35
1689044788.113923,30
1689044788.1639194,27
1689044788.2149186,25
1689044788.263923,25
1689044788.313923,26
1689044788.364918,39
1689044788.4139228,60
1689044788.463918,69
1689044788.5139222,65
1689044788.5639176,58
1689044788.6142097,54
1689044788.6641002,53
1689044788.7141044,54
1689044788.7640991,52
1689044788.8140981,47
1689044788.864099,43
1689044788.9141033,41
1689044788.964099,40
1689044789.0031,39
1689044789.0471046,37
1689044789.0970988,38
1689044789.1471043,48
1689044789.1970985,58
1689044789.2470987,57
1689044789.297103,63
1689044789.3471029,53
1689044789.3970976,45
1689044789.4470997,43
1689044789.4971018,40
1689044789.547102,31
1689044789.5970979,18
1689044789.6471016,5
1689044789.6971016,0
1689044789.7471018,0
1689044789.7971015,0
1689044789.8470972,0
1689044789.8971016,0
1689044789.9471014,28
1689044789.9970963,73
1689044790.0310972,78
1689044790.081101,70
1689044790.1311,55
1689044790.1810968,43
1689044790.231101,40
1689044790.281096,42
1689044790.3319192,40
1689044790.3809187,30
1689044790.4309187,21
1689044790.4809177,15
1689044790.530923,13
1689044790.5809178,13
1689044790.6309223,14
1689044790.6809225,36
1689044790.7319183,78
1689044790.7809172,98
1689044790.8309174,90
1689044790.8809218,80
1689044790.930923,74
1689044790.9809227,73
1689044791.0139177,72
1689044791.0699167,68
1689044791.1199217,58
1689044791.1699173,48
1689044791.2309165,40
1689044791.2809222,35
1689044791.3309171,34
1689044791.380917,35
1689044791.4309168,49
1689044791.480921,72
1689044791.530988,76
1689044791.580921,67
1689044791.6309168,59
1689044791.6809206,51
1689044791.730917,46
1689044791.7809205,43
1689044791.8309202,37
1689044791.8809206,27
1689044791.930921,16
1689044791.9809163,5
1689044792.0139165,0
1689044792.0639205,0
1689044792.1139197,0
1689044792.1639202,0
1689044792.2179148,1
1689044792.2669156,52
1689044792.3169196,75
1689044792.3669202,67
1689044792.4169211,54
1689044792.4669154,41
1689044792.5169141,37
1689044792.566915,40
1689044792.616919,37
1689044792.6669164,28
1689044792.7169187,19
1689044792.7669148,12
1689044792.8169138,10
1689044792.8669147,10
1689044792.9169147,12
1689044792.9669151,33
1689044793.0029142,74
1689044793.0499182,93
1689044793.0999143,93
1689044793.1499183,85
1689044793.199914,58
1689044793.249918,55
1689044793.299914,54
1689044793.3499181,52
1689044793.3999138,48
1689044793.4499178,43
1689044793.499914,40
1689044793.549913,39
1689044793.5999126,37
1689044793.6499174,36
1689044793.6999133,36
1689044793.7499173,43
1689044793.7999132,55
1689044793.8499131,57
1689044793.899912,65
1689044793.9499183,56
1689044793.999913,46
1689044794.0339127,41
1689044794.083917,40
1689044794.1339128,37
1689044794.1839163,28
1689044794.2339165,16
1689044794.2839162,5
1689044794.3339121,0
1689044794.3839161,0
1689044794.4339113,0
1689044794.4846866,0
1689044794.5337713,0
1689044794.5837758,29
1689044794.6337757,70
1689044794.6837769,77
1689044794.7337723,63
1689044794.7837706,49
1689044794.8337712,40
1689044794.8837755,38
1689044794.9337718,39
1689044794.983775,33
1689044795.0167754,22
1689044795.0667703,15
1689044795.1167707,9
1689044795.166771,8
1689044795.216775,10
1689044795.2667706,15
1689044795.3167753,40
1689044795.3667703,83
1689044795.4167714,103
1689044795.4667745,95
1689044795.5167706,62
1689044795.5667703,57
1689044795.6167738,54
1689044795.6677697,52
1689044795.7311244,49
1689044795.7811193,43
1689044795.831124,40
1689044795.8811238,37
1689044795.9311242,34
1689044795.9811187,32
1689044796.0141237,29
1689044796.064123,28
1689044796.1161194,33
1689044796.1641192,50
1689044796.2141235,56
1689044796.2641244,59
1689044796.3141184,46
1689044796.3641248,35
1689044796.4141188,30
1689044796.4641187,29
1689044796.514118,26
1689044796.5645092,17
1689044796.6145096,6
1689044796.6645083,0
1689044796.7145133,0
1689044796.7645087,0
1689044796.8145132,0
1689044796.8645096,0
1689044796.916508,13
1689044796.965512,58
1689044797.003513,83
1689044797.0485125,79
1689044797.098513,64
1689044797.148513,49
1689044797.1985083,40
1689044797.2485125,39
1689044797.2985084,37
1689044797.348512,27
1689044797.3985078,16
1689044797.4485123,9
1689044797.4985118,9
1689044797.5485082,14
1689044797.598508,20
1689044797.648513,40
1689044797.6985075,80
1689044797.7485077,106
1689044797.7985132,101
1689044797.8485112,65
1689044797.8985062,59
1689044797.9485064,55
1689044797.9984393,53
1689044798.0362806,50
1689044798.0841012,45
1689044798.1340997,40
1689044798.1841006,36
1689044798.2340972,33
1689044798.2841005,31
1689044798.3340967,29
1689044798.3841019,29
1689044798.4340963,42
1689044798.4840965,56
1689044798.5340965,55
1689044798.584097,54
1689044798.6340969,41
1689044798.6841002,32
1689044798.7340953,28
1689044798.7841003,26
1689044798.8341,19
1689044798.8840995,8
1689044798.9340956,0
1689044798.9843879,0
1689044799.0173876,0
1689044799.067644,0
1689044799.1170359,0
1689044799.1670964,0
1689044799.2190971,33
1689044799.2671006,73
1689044799.317096,79
1689044799.3670955,64
1689044799.417706,47
1689044799.467706,39
1689044799.5177057,39
1689044799.5670497,39
1689044799.6174996,32
1689044799.6671944,24
1689044799.7171984,19
1689044799.7672007,18
1689044799.8181982,19
1689044799.8681934,21
1689044799.9181933,40
1689044799.9681938,84
1689044800.004194,107
1689044800.0511978,103
1689044800.1011937,65
1689044800.1511974,59
1689044800.2011976,55
1689044800.2511928,54
1689044800.3012094,51
1689044800.3511934,46
1689044800.4011924,41
1689044800.4511971,38
1689044800.501195,35
1689044800.551192,33
1689044800.601192,31
1689044800.6513174,33
1689044800.700915,46
1689044800.7508316,53
1689044800.8008256,54
1689044800.8508303,38
1689044800.9008336,24
1689044800.950826,19
1689044801.0008266,21
1689044801.033826,21
1689044801.08383,17
1689044801.1338258,8
1689044801.18383,0
1689044801.2338254,0
1689044801.283825,0
1689044801.3338258,0
1689044801.3838296,0
1689044801.4338253,34
1689044801.4838252,71
1689044801.5338244,78
1689044801.5838256,63
1689044801.633825,46
1689044801.684099,36
1689044801.7340953,35
1689044801.7840953,35
1689044801.8340955,29
1689044801.884099,22
1689044801.9340992,17
1689044801.984099,15
1689044802.0180984,14
1689044802.0680945,18
1689044802.118128,48
1689044802.167761,94
1689044802.2177656,108
1689044802.2677617,97
1689044802.3177614,63
1689044802.3677614,58
1689044802.417761,57
1689044802.4685447,54
1689044802.518407,49
1689044802.5684073,44
1689044802.6184027,40
1689044802.6684084,40
1689044802.718407,39
1689044802.7684019,39
1689044802.8184068,46
1689044802.8684065,56
1689044802.9184065,56
1689044802.9684064,61
1689044803.0044022,50
1689044803.051402,45
1689044803.101403,41
1689044803.151406,41
1689044803.2014027,37
1689044803.2514062,27
1689044803.301402,14
1689044803.3514056,3
1689044803.4014063,0
1689044803.451401,0
1689044803.5014186,0
1689044803.5514054,6
1689044803.6014004,46
1689044803.6514053,72
1689044803.701401,63
1689044803.7514002,46
1689044803.801401,34
1689044803.8514013,27
1689044803.9013999,27
1689044803.9514046,26
1689044804.0014005,19
1689044804.0354004,12
1689044804.085405,7
1689044804.1354072,3
1689044804.185404,2
1689044804.2354045,6
1689044804.2853994,35
1689044804.3353999,73
1689044804.385399,82
1689044804.4353998,67
1689044804.4853997,52
1689044804.5354037,45
1689044804.5854034,54
1689044804.6353986,64
1689044804.6854033,61
1689044804.7354,53
1689044804.7853994,48
1689044804.8353987,48
1689044804.8854046,47
1689044804.935399,49
1689044804.985399,68
1689044805.0184033,85
1689044805.0733988,82
1689044805.1233995,73
1689044805.1733985,63
1689044805.232398,56
1689044805.2824025,53
1689044805.3323987,48
1689044805.3824024,40
1689044805.432398,28
1689044805.4823978,17
1689044805.532398,9
1689044805.582402,4
1689044805.632398,1
1689044805.6824114,12
1689044805.734983,46
1689044805.7849824,69
1689044805.8349888,61
1689044805.884987,46
1689044805.9349823,34
1689044805.984987,28
1689044806.034983,30
1689044806.084987,28
1689044806.1349838,22
1689044806.1849868,14
1689044806.2349868,9
1689044806.2849867,6
1689044806.3349824,5
1689044806.3849866,20
1689044806.434982,59
1689044806.4849825,84
1689044806.534982,75
1689044806.5849862,61
1689044806.6349862,48
1689044806.6849859,44
1689044806.7489858,48
1689044806.798982,48
1689044806.8489819,44
1689044806.8989813,40
1689044806.9489808,40
1689044806.9989805,40
1689044807.0369816,43
1689044807.0849855,59
1689044807.1349854,81
1689044807.1849854,84
1689044807.2349813,76
1689044807.284985,68
1689044807.3349802,60
1689044807.3849847,56
1689044807.4349847,52
1689044807.4849808,46
1689044807.5349805,39
1689044807.5849843,30
1689044807.634983,24
1689044807.684981,20
1689044807.7349799,17
1689044807.784984,23
1689044807.8349845,48
1689044807.8849797,69
1689044807.9349847,64
1689044807.9849799,54
1689044808.017985,44
1689044808.073984,39
1689044808.1239793,35
1689044808.1739862,35
1689044808.2319796,32
1689044808.2819834,22
1689044808.3319838,14
1689044808.3819795,11
1689044808.4319785,10
1689044808.4819782,10
1689044808.5319788,14
1689044808.5819836,41
1689044808.6319852,70
1689044808.6819828,70
1689044808.7319787,59
1689044808.7819824,48
1689044808.8319783,41
1689044808.881978,42
1689044808.9319825,40
1689044808.9819822,34
1689044809.0149822,25
1689044809.0649817,19
1689044809.1149774,14
1689044809.164982,11
1689044809.2149813,11
1689044809.2649777,15
1689044809.317982,44
1689044809.3669813,77
1689044809.4149816,79
1689044809.464981,68
1689044809.5159764,58
1689044809.5659826,52
1689044809.6159809,53
1689044809.6659768,52
1689044809.7289765,46
1689044809.7789817,38
1689044809.8289766,34
1689044809.878977,35
1689044809.9289806,37
1689044809.9789808,37
1689044810.0129805,40
1689044810.0629764,56
1689044810.1129754,73
1689044810.1629767,73
1689044810.21598,66
1689044810.2659757,59
1689044810.3159761,52
1689044810.3659759,48
1689044810.4159799,44
1689044810.4659755,38
1689044810.5159748,30
1689044810.5659752,22
1689044810.6159809,17
1689044810.6659749,14
1689044810.715979,12
1689044810.7659752,8
1689044810.815975,6
1689044810.8669794,31
1689044810.9159763,64
1689044810.9659748,59
1689044811.0039804,46
1689044811.0489788,39
1689044811.098975,32
1689044811.1491733,31
1689044811.199132,33
1689044811.2488537,28
1689044811.2993011,20
1689044811.348745,10
1689044811.3987467,3
1689044811.4487498,0
1689044811.4987457,0
1689044811.5487707,0
1689044811.5987663,8
1689044811.6487703,54
1689044811.6987853,83
1689044811.7487903,77
1689044811.7987902,59
1689044811.848789,43
1689044811.898785,37
1689044811.94879,39
1689044811.9987848,39
1689044812.031785,31
1689044812.0817852,24
1689044812.1317842,14
1689044812.1817884,7
1689044812.2317884,5
1689044812.281788,4
1689044812.3317835,5
1689044812.3817883,31
1689044812.4317834,78
1689044812.4817843,99
1689044812.5317848,64
1689044812.5817842,57
1689044812.6317878,54
1689044812.6827836,54
1689044812.7327836,54
1689044812.7817874,51
1689044812.8317826,46
1689044812.8817825,40
1689044812.9317827,37
1689044812.981787,34
1689044813.0157845,33
1689044813.0657868,32
1689044813.1167822,36
1689044813.1657836,50
1689044813.216783,59
1689044813.2657835,70
1689044813.3157868,56
1689044813.3657837,43
1689044813.4157827,36
1689044813.4657815,33
1689044813.5167823,28
1689044813.5657823,19
1689044813.6157868,8
1689044813.6657827,0
1689044813.715786,0
1689044813.7657812,0
1689044813.8157856,0
1689044813.8657856,0
1689044813.9177809,22
1689044813.9667807,68
1689044814.0047812,80
1689044814.0487854,71
1689044814.0987825,52
1689044814.1487815,38
1689044814.198784,33
1689044814.2487812,35
1689044814.298785,32
1689044814.3487813,24
1689044814.3987806,15
1689044814.4487798,8
1689044814.4987812,5
1689044814.5497808,4
1689044814.5987806,11
1689044814.6487842,58
1689044814.6987844,99
1689044814.749781,101
1689044814.79878,63
1689044814.848784,55
1689044814.8987799,53
1689044814.9487798,54
1689044814.9987829,54
1689044815.0327792,49
1689044815.0832376,48
1689044815.132836,43
1689044815.1828377,41
1689044815.232836,40
1689044815.2828405,39
1689044815.3328357,41
1689044815.3828368,53
1689044815.4328365,61
1689044815.4828355,58
1689044815.5328372,66
1689044815.5828407,57
1689044815.632836,51
1689044815.6828399,49
1689044815.7328358,44
1689044815.7828398,33
1689044815.8328397,18
1689044815.883837,6
1689044815.932835,0
1689044815.9828393,0
1689044816.0158396,0
1689044816.0658345,0
1689044816.1168392,5
1689044816.1678355,46
1689044816.2159305,78
1689044816.2659302,72
1689044816.3169262,57
1689044816.3659253,44
1689044816.4159303,39
1689044816.4659255,40
1689044816.5159266,40
1689044816.5659258,31
1689044816.6159298,20
1689044816.66593,13
1689044816.7159274,9
1689044816.7659302,7
1689044816.8169293,7
1689044816.8679252,21
1689044816.9169297,60
1689044816.965926,86
1689044817.004929,78
1689044817.0519247,73
1689044817.101929,51
1689044817.1519299,44
1689044817.2019248,46
1689044817.2519288,45
1689044817.3019257,37
1689044817.3519285,27
1689044817.4019284,21
1689044817.4519243,21
1689044817.501928,27
1689044817.5525134,36
1689044817.6025136,57
1689044817.6521099,86
1689044817.702251,94
1689044817.7519574,86
1689044817.8017702,76
1689044817.8527663,68
1689044817.9017696,63
1689044817.951767,60
1689044818.0017657,54
1689044818.0357673,45
1689044818.0857697,40
1689044818.1357658,35
1689044818.1867652,32
1689044818.2370565,29
1689044818.2860534,24
1689044818.3360562,28
1689044818.3860567,49
1689044818.4360511,67
1689044818.4864874,62
1689044818.536491,50
1689044818.5865014,40
1689044818.6364908,32
1689044818.686488,32
1689044818.7504923,31
1689044818.8004918,24
1689044818.8504965,15
1689044818.9004915,8
1689044818.950496,4
1689044819.0004964,4
1689044819.0334928,3
1689044819.083491,3
1689044819.1334958,13
1689044819.1834974,49
1689044819.236491,76
1689044819.2864919,66
1689044819.3364923,51
1689044819.386491,40
1689044819.4364958,38
1689044819.4864912,42
1689044819.5364952,40
1689044819.5864975,32
1689044819.636491,24
1689044819.686495,20
1689044819.7361698,19
1689044819.786169,20
1689044819.8361733,22
1689044819.88617,46
1689044819.936173,79
1689044819.9861693,85
1689044820.0191734,76
1689044820.0751727,69
1689044820.1251695,61
1689044820.1751752,59
1689044820.233169,58
1689044820.2831686,51
1689044820.3331687,41
1689044820.383169,35
1689044820.4331686,32
1689044820.4831693,31
1689044820.533168,28
1689044820.583172,21
1689044820.6331723,33
1689044820.683168,58
1689044820.7327316,65
1689044820.782731,56
1689044820.833727,46
1689044820.883732,39
1689044820.9327266,37
1689044820.9827309,38
1689044821.0157306,35
1689044821.0657308,30
1689044821.1157267,20
1689044821.1657257,14
1689044821.2157302,9
1689044821.2662997,6
1689044821.3162992,5
1689044821.3663,8
1689044821.4192986,38
1689044821.4683034,69
1689044821.5163026,70
1689044821.5663,57
1689044821.616301,46
1689044821.6662977,40
1689044821.716304,41
1689044821.7662997,43
1689044821.8162997,38
1689044821.8662984,29
1689044821.916299,21
1689044821.9662974,17
1689044822.0053,17
1689044822.0503027,17
1689044822.1002972,20
1689044822.1502986,49
1689044822.2003021,81
1689044822.2503011,86
1689044822.3003016,76
1689044822.3502986,66
1689044822.4002972,60
1689044822.450059,60
1689044822.5000541,59
1689044822.549825,53
1689044822.5998251,46
1689044822.649825,40
1689044822.699825,38
1689044822.7498207,36
1689044822.79982,34
1689044822.8498244,33
1689044822.8998218,43
1689044822.9498227,66
1689044822.999824,69
1689044823.0378242,58
1689044823.0858202,47
1689044823.1358194,36
1689044823.1863792,29
1689044823.2359102,28
1689044823.2859106,28
1689044823.3359158,22
1689044823.3859148,13
1689044823.43591,5
1689044823.4859097,1
1689044823.5359137,0
1689044823.5859087,0
1689044823.6359096,0
1689044823.6859136,11
1689044823.7359104,51
1689044823.7859137,77
1689044823.8359132,69
1689044823.88591,54
1689044823.9359136,42
1689044823.9859102,40
1689044824.018909,42
1689044824.068908,42
1689044824.118909,35
1689044824.1689126,24
1689044824.2189186,16
1689044824.2689123,12
1689044824.3189082,11
1689044824.3689091,11
1689044824.418909,16
1689044824.4689074,47
1689044824.518912,81
1689044824.568912,82
1689044824.6189075,69
1689044824.6689084,57
1689044824.7189076,49
1689044824.7689116,50
1689044824.818908,50
1689044824.8689077,42
1689044824.9199114,32
1689044824.9699113,22
1689044825.005911,16
1689044825.0529065,14
1689044825.1029074,14
1689044825.1529074,14
1689044825.2029061,28
1689044825.2529109,64
1689044825.3029115,85
1689044825.352906,77
1689044825.4029105,64
1689044825.4529068,53
1689044825.5029066,48
1689044825.5529068,48
1689044825.6029062,46
1689044825.65291,39
1689044825.7169101,31
1689044825.7669108,24
1689044825.81691,22
1689044825.8669062,22
1689044825.9169066,21
1689044825.9679067,34
1689044826.0059066,65
1689044826.0499053,78
1689044826.099906,74
1689044826.1499097,64
1689044826.1999059,54
1689044826.2499044,48
1689044826.2999089,47
1689044826.3499043,45
1689044826.3999047,39
1689044826.449905,29
1689044826.499904,22
1689044826.5499086,19
1689044826.599905,18
1689044826.6499054,17
1689044826.6999085,31
1689044826.7499056,61
1689044826.7999082,76
1689044826.849908,70
1689044826.8999043,59
1689044826.9499083,48
1689044826.9999084,42
1689044827.0339077,42
1689044827.083905,41
1689044827.133909,35
1689044827.183909,26
1689044827.2349036,18
1689044827.283908,14
1689044827.333904,12
1689044827.3839073,10
1689044827.4339142,25
1689044827.483903,46
1689044827.5339074,74
1689044827.583903,72
1689044827.633902,60
1689044827.683903,42
1689044827.733904,37
1689044827.7839065,39
1689044827.833907,39
1689044827.883903,32
1689044827.9339068,25
1689044827.9839025,20
1689044828.0169017,18
1689044828.0729024,17
1689044828.122902,22
1689044828.172906,50
1689044828.2339027,80
1689044828.2849016,80
1689044828.3339067,67
1689044828.3839023,54
1689044828.433901,50
1689044828.483906,51
1689044828.5339012,49
1689044828.5839055,41
1689044828.6339023,33
1689044828.6839051,27
1689044828.7339048,24
1689044828.783901,23
1689044828.8339007,24
1689044828.8839016,44
1689044828.9339018,72
1689044828.9839003,76
1689044829.016905,65
1689044829.0669045,58
1689044829.1168995,50
1689044829.1669042,49
1689044829.2168996,50
1689044829.2669005,45
1689044829.316901,38
1689044829.3669002,31
1689044829.4169037,27
1689044829.466904,25
1689044829.5168996,24
1689044829.5669003,22
1689044829.6178994,32
1689044829.6668987,58
1689044829.7168996,73
1689044829.7669044,65
1689044829.816905,53
1689044829.8669,45
1689044829.9168983,45
1689044829.9669,47
1689044830.0059028,43
1689044830.049903,38
1689044830.0998986,29
1689044830.1499026,23
1689044830.1998994,21
1689044830.2498984,22
1689044830.3008988,21
1689044830.3498983,19
1689044830.4008994,23
1689044830.4509022,57
1689044830.5008972,76
1689044830.5509021,71
1689044830.6009023,57
1689044830.6509013,48
1689044830.7008994,46
1689044830.7508976,48
1689044830.8009014,46
1689044830.8509023,38
1689044830.9008968,29
1689044830.9509015,22
1689044831.0009017,20
1689044831.033902,19
1689044831.0838978,19
1689044831.1338975,18
1689044831.183896,17
1689044831.2368968,33
1689044831.2869003,70
1689044831.336896,77
1689044831.3868964,65
1689044831.4369006,53
1689044831.486897,47
1689044831.5369003,49
1689044831.5868964,50
1689044831.636896,43
1689044831.6869,34
1689044831.7509563,22
1689044831.800896,20
1689044831.8508966,17
1689044831.9009001,15
1689044831.9508955,13
1689044832.0008996,10
1689044832.0338995,13
1689044832.083896,32
1689044832.1338966,69
1689044832.1838992,78
1689044832.233713,64
1689044832.283712,50
1689044832.333716,43
1689044832.3837116,44
1689044832.4347126,45
1689044832.4837172,40
1689044832.5344574,30
1689044832.5844607,21
1689044832.6345348,14
1689044832.6845322,10
1689044832.734538,8
1689044832.784533,6
1689044832.834537,2
1689044832.8845367,3
1689044832.9341793,33
1689044832.9841788,63
1689044833.0171828,60
1689044833.0671082,48
1689044833.1171062,30
1689044833.1671085,19
1689044833.2171066,19
1689044833.267107,23
1689044833.3171122,20
1689044833.3671072,13
1689044833.4171116,5
1689044833.4671104,0
1689044833.5171065,0
1689044833.5671103,0
1689044833.6171057,0
1689044833.6704686,19
1689044833.7192893,57
1689044833.7672937,92
1689044833.817289,89
1689044833.8672926,50
1689044833.91729,41
1689044833.9672935,40
1689044834.0062926,41
1689044834.0513513,41
1689044834.1013522,39
1689044834.1513524,33
1689044834.2013555,28
1689044834.2513516,26
1689044834.3013556,25
1689044834.3513527,26
1689044834.4013574,45
1689044834.4513507,67
1689044834.5013514,70
1689044834.551355,61
1689044834.601355,51
1689044834.6513505,43
1689044834.7013545,42
1689044834.7513502,42
1689044834.8013513,40
1689044834.8513496,34
1689044834.9010513,28
1689044834.9512553,24
1689044835.0012548,22
1689044835.0392587,24
1689044835.0872548,37
1689044835.137259,60
1689044835.187254,69
1689044835.2372606,63
1689044835.2872586,54
1689044835.3372588,47
1689044835.387254,44
1689044835.4372592,45
1689044835.4872534,42
1689044835.5372581,38
1689044835.5872543,33
1689044835.6372552,29
1689044835.6872578,26
1689044835.7372582,26
1689044835.7871346,38
1689044835.8371387,56
1689044835.8871386,63
1689044835.9371388,58
1689044835.9871337,51
1689044836.0201344,44
1689044836.0761344,42
1689044836.1266463,41
1689044836.1764677,39
1689044836.2344863,34
1689044836.2844825,28
1689044836.334486,24
1689044836.3844821,22
1689044836.4343824,24
1689044836.4843822,41
1689044836.5343835,63
1689044836.584387,67
1689044836.634387,61
1689044836.6843827,54
1689044836.734382,49
1689044836.784384,49
1689044836.8344142,50
1689044836.8842702,47
1689044836.9342673,43
1689044836.9842718,40
1689044837.0182664,39
1689044837.0732698,38
1689044837.1232657,40
1689044837.173266,53
1689044837.2338355,63
1689044837.2846258,61
1689044837.3346245,55
1689044837.384629,50
1689044837.4346292,47
1689044837.4846253,46
1689044837.5346298,44
1689044837.5839257,40
1689044837.6339297,35
1689044837.6839263,33
1689044837.7339258,33
1689044837.7839255,32
1689044837.833926,32
1689044837.8839247,39
1689044837.9339294,52
1689044837.9838252,57
1689044838.018825,67
1689044838.0678256,60
1689044838.1178288,52
1689044838.167829,48
1689044838.217826,48
1689044838.2680533,44
1689044838.318049,37
1689044838.368053,29
1689044838.4180489,26
1689044838.4680479,26
1689044838.5180526,25
1689044838.568053,24
1689044838.6185937,21
1689044838.6695948,20
1689044838.7225883,39
1689044838.771589,68
1689044838.8215895,76
1689044838.8715925,66
1689044838.9215922,57
1689044838.9715922,52
1689044839.0073533,51
1689044839.0543485,51
1689044839.1043541,47
1689044839.154349,40
1689044839.2043505,36
1689044839.2543511,34
1689044839.3043482,34
1689044839.354408,32
1689044839.4043527,29
1689044839.454348,26
1689044839.5043526,22
1689044839.5543482,18
1689044839.6043525,22
1689044839.6543496,46
1689044839.7038994,68
1689044839.7538443,65
1689044839.8048427,55
1689044839.853839,49
1689044839.9038424,46
1689044839.953838,45
1689044840.003843,43
1689044840.0368388,38
1689044840.0868382,33
1689044840.1368425,26
1689044840.1868374,22
1689044840.236842,22
1689044840.286837,23
1689044840.3368418,23
1689044840.3868375,21
1689044840.4368417,18
1689044840.4868367,15
1689044840.5368416,25
1689044840.5868368,52
1689044840.6368382,67
1689044840.686837,59
1689044840.736841,49
1689044840.787405,42
1689044840.8374057,40
1689044840.887404,40
1689044840.93741,39
1689044840.9874036,34
1689044841.0214038,27
1689044841.0714073,22
1689044841.1214037,18
1689044841.171404,16
1689044841.2284074,16
1689044841.2764037,17
1689044841.3264022,16
1689044841.3764038,13
1689044841.426402,32
1689044841.4764075,62
1689044841.5264034,69
1689044841.5764086,57
1689044841.626403,46
1689044841.6764019,39
1689044841.7494016,40
1689044841.798816,39
1689044841.8491697,33
1689044841.8992386,25
1689044841.9492347,20
1689044841.9992352,19
1689044842.032234,20
1689044842.0822337,22
1689044842.135239,24
1689044842.1852386,40
1689044842.235235,63
1689044842.2852347,68
1689044842.3352382,57
1689044842.3852339,44
1689044842.435238,35
1689044842.4854257,32
1689044842.5354288,34
1689044842.5854967,33
1689044842.6354246,27
1689044842.6854334,19
1689044842.751424,14
1689044842.8014247,14
1689044842.8514247,15
1689044842.901428,20
1689044842.9524279,54
1689044843.0024228,74
1689044843.035424,70
1689044843.085424,62
1689044843.1354275,49
1689044843.1854234,40
1689044843.2354238,36
1689044843.2854226,37
1689044843.3354237,34
1689044843.3854237,26
1689044843.4354272,18
1689044843.485424,13
1689044843.5354245,10
1689044843.585422,9
1689044843.6354268,15
1689044843.6854224,47
1689044843.735573,78
1689044843.785467,76
1689044843.83547,62
1689044843.8854668,49
1689044843.9354699,40
1689044843.9854655,39
1689044844.0184653,40
1689044844.0684671,38
1689044844.118465,31
1689044844.16847,23
1689044844.21947,16
1689044844.2684727,13
1689044844.3184683,12
1689044844.3704653,33
1689044844.420464,69
1689044844.4684687,83
1689044844.518464,73
1689044844.568469,60
1689044844.6184685,49
1689044844.6684651,44
1689044844.7324636,45
1689044844.7824636,41
1689044844.8324683,33
1689044844.8824644,25
1689044844.9324634,20
1689044844.9824681,17
1689044845.016468,29
1689044845.0664644,49
1689044845.1164632,79
1689044845.1664653,78
1689044845.218464,66
1689044845.2684639,55
1689044845.3184633,48
1689044845.36847,48
1689044845.4184635,50
1689044845.4684696,46
1689044845.5184622,38
1689044845.568464,30
1689044845.6184623,26
1689044845.668463,25
1689044845.732467,31
1689044845.782467,68
1689044845.8324666,81
1689044845.8824627,72
1689044845.9324632,61
1689044845.9824622,53
1689044846.0164618,48
1689044846.0714662,48
1689044846.1214612,46
1689044846.1714659,41
1689044846.221462,33
1689044846.2714617,26
1689044846.3214614,22
1689044846.3710392,20
1689044846.4210367,18
1689044846.471039,34
1689044846.5210347,66
1689044846.571039,80
1689044846.621034,72
1689044846.6710386,61
1689044846.735039,54
1689044846.7850337,48
1689044846.8350387,47
1689044846.885036,44
1689044846.9350393,36
1689044846.985035,26
1689044847.0180347,17
1689044847.0680392,13
1689044847.119033,10
1689044847.1690378,10
1689044847.2180328,10
1689044847.2700377,17
1689044847.320033,50
1689044847.3690338,81
1689044847.4190347,77
1689044847.469034,63
1689044847.5190334,52
1689044847.5690372,46
1689044847.6190326,44
1689044847.6690345,43
1689044847.731903,38
1689044847.7819004,27
1689044847.8319006,12
1689044847.8818965,4
1689044847.931895,0
1689044847.981896,0
1689044848.0158958,0
1689044848.0659008,0
1689044848.1158948,0
1689044848.1658967,45
1689044848.2188993,85
1689044848.2689,79
1689044848.318896,59
1689044848.368899,41
1689044848.418895,34
1689044848.468899,30
1689044848.5188956,32
1689044848.5688992,25
1689044848.6188943,14
1689044848.6688986,6
1689044848.7328985,0
1689044848.7828944,0
1689044848.8328984,0
1689044848.882894,0
1689044848.932895,7
1689044848.9828985,60
1689044849.0158985,101
1689044849.0658934,99
1689044849.1158938,59
1689044849.165895,48
1689044849.2188928,41
1689044849.2688978,40
1689044849.3188982,41
1689044849.3688977,39
1689044849.4188933,34
1689044849.4688973,28
1689044849.5188935,23
1689044849.568897,20
1689044849.6188922,18
1689044849.6698968,18
1689044849.7228968,31
1689044849.7708933,58
1689044849.8208926,73
1689044849.870899,66
1689044849.920892,56
1689044849.970898,47
1689044850.0078967,42
1689044850.0548937,42
1689044850.1048965,42
1689044850.1548915,39
1689044850.2048924,33
1689044850.2548926,28
1689044850.304897,24
1689044850.354892,22
1689044850.4048922,21
1689044850.4548965,31
1689044850.5048954,56
1689044850.5548909,71
1689044850.604895,65
1689044850.6548913,55
1689044850.704892,47
1689044850.7548912,44
1689044850.8048952,45
1689044850.8548954,44
1689044850.904895,40
1689044850.9548903,35
1689044851.0048947,31
1689044851.0378947,28
1689044851.0878906,26
1689044851.1378906,25
1689044851.1878896,40
1689044851.2378948,61
1689044851.2878942,67
1689044851.337895,59
1689044851.3878906,51
1689044851.4378943,46
1689044851.4878902,45
1689044851.5378938,46
1689044851.587892,43
1689044851.6378963,38
1689044851.7138903,32
1689044851.7628896,26
1689044851.8128893,24
1689044851.862894,24
1689044851.9128907,40
1689044851.9628932,61
1689044852.00789,65
1689044852.0488892,60
1689044852.0988898,51
1689044852.148889,44
1689044852.1988938,43
1689044852.2488928,45
1689044852.298893,43
1689044852.3488898,40
1689044852.3988924,34
1689044852.4488878,30
1689044852.4988923,27
1689044852.5488875,26
1689044852.5988886,25
1689044852.648892,34
1689044852.6988919,54
1689044852.748887,64
1689044852.7998881,58
1689044852.849887,48
1689044852.8998914,41
1689044852.9498892,41
1689044852.9998868,43
1689044853.0381029,42
1689044853.0880523,38
1689044853.1380491,32
1689044853.1880496,28
1689044853.2380536,25
1689044853.2880533,23
1689044853.33805,22
1689044853.3880513,25
1689044853.4380531,43
1689044853.4880505,63
1689044853.5380528,61
1689044853.5880501,50
1689044853.638053,40
1689044853.6880527,36
1689044853.7380478,38
1689044853.7880483,40
1689044853.8380492,37
1689044853.8880477,32
1689044853.9380488,27
1689044853.9880476,22
1689044854.02205,19
1689044854.0720522,17
1689044854.1220522,15
1689044854.172048,21
1689044854.2240496,44
1689044854.27205,61
1689044854.3220482,56
1689044854.3720515,43
1689044854.4220538,34
1689044854.4720476,31
1689044854.5220475,34
1689044854.5720465,35
1689044854.6220465,31
1689044854.6720512,26
1689044854.7220461,22
1689044854.7720509,19
1689044854.8220477,19
1689044854.872047,28
1689044854.9220479,50
1689044854.9720466,65
1689044855.0080469,59
1689044855.0550463,51
1689044855.1050465,40
1689044855.1550462,36
1689044855.2050502,37
1689044855.2550468,38
1689044855.3050501,35
1689044855.3550673,31
1689044855.4054012,27
1689044855.4553964,24
1689044855.5053995,26
1689044855.5553946,45
1689044855.6053996,70
1689044855.6554008,74
1689044855.7053993,63
1689044855.7553992,50
1689044855.805399,41
1689044855.8553944,40
1689044855.9053953,40
1689044855.9553945,37
1689044856.005396,32
1689044856.0393949,27
1689044856.0893993,24
1689044856.139394,23
1689044856.1893935,39
1689044856.239395,63
1689044856.289394,72
1689044856.339395,65
1689044856.3893945,56
1689044856.439394,48
1689044856.489398,46
1689044856.5393958,46
1689044856.5893934,43
1689044856.6393929,37
1689044856.6893926,32
1689044856.7533927,28
1689044856.802956,29
1689044856.852952,57
1689044856.902956,67
1689044856.952952,68
1689044857.0029511,61
1689044857.035952,54
1689044857.0859525,51
1689044857.1359558,49
1689044857.1859515,48
1689044857.2359557,46
1689044857.285953,42
1689044857.3359556,40
1689044857.385951,39
1689044857.435952,40
1689044857.4859502,52
1689044857.535951,62
1689044857.5859523,62
1689044857.6359558,59
1689044857.685952,54
1689044857.7359548,50
1689044857.7859507,48
1689044857.8359554,47
1689044857.8865008,44
1689044857.9365053,42
1689044857.9865012,40
1689044858.019501,39
1689044858.0695052,38
1689044858.1195052,40
1689044858.1695051,48
1689044858.2205002,56
1689044858.2695026,56
1689044858.3195014,53
1689044858.3695047,61
1689044858.4194999,54
1689044858.4695046,51
1689044858.519501,48
1689044858.5695047,43
1689044858.619502,38
1689044858.6695132,33
1689044858.7195134,31
1689044858.7695932,30
1689044858.8195083,28
1689044858.8693259,26
1689044858.9195926,24
1689044858.9708107,42
1689044859.0077312,66
1689044859.0527322,72
1689044859.1027308,69
1689044859.1527302,64
1689044859.2027304,57
1689044859.2531958,51
1689044859.3029177,49
1689044859.3539224,46
1689044859.402917,40
1689044859.4529257,36
1689044859.5030026,32
1689044859.553272,30
1689044859.6032717,27
1689044859.653272,25
1689044859.703276,23
1689044859.753271,20
1689044859.8032727,22
1689044859.853271,47
1689044859.903271,67
1689044859.9532714,68
1689044860.0032756,63
1689044860.0412712,57
1689044860.0892754,52
1689044860.1392753,48
1689044860.1892705,45
1689044860.2388341,41
1689044860.2894502,36
1689044860.338999,31
1689044860.3890002,28
1689044860.438999,26
1689044860.4889941,24
1689044860.5389938,22
1689044860.5889943,20
1689044860.6389947,18
1689044860.6890054,18
1689044860.7389946,37
1689044860.788994,63
1689044860.8389943,69
1689044860.888998,62
1689044860.9389935,55
1689044860.9890518,49
1689044861.0219946,46
1689044861.0719976,44
1689044861.1225436,40
1689044861.1719203,32
1689044861.2219133,22
1689044861.2719784,14
1689044861.321918,8
1689044861.3719144,3
1689044861.4219177,1
1689044861.471918,1
1689044861.5219126,3
1689044861.5719178,2
1689044861.6219141,1
1689044861.6719122,20
1689044861.72201,61
1689044861.7720857,80
1689044861.8220851,68
1689044861.872085,54
1689044861.9220846,45
1689044861.972089,46
1689044862.009149,47
1689044862.0560856,43
1689044862.106084,34
1689044862.155754,23
1689044862.206334,18
1689044862.25614,17
1689044862.3060958,20
1689044862.35641,23
1689044862.406406,23
1689044862.4564052,25
1689044862.5064049,48
1689044862.5564048,77
1689044862.6061418,81
1689044862.6557868,71
1689044862.7057908,59
1689044862.7557862,49
1689044862.8057902,47
1689044862.855792,47
1689044862.90579,42
1689044862.9557915,33
1689044863.0057857,23
1689044863.0437856,18
1689044863.0917854,16
1689044863.1417851,15
1689044863.19185,15
1689044863.2527854,12
1689044863.3027894,14
1689044863.3557847,44
1689044863.4057846,78
1689044863.4557846,81
1689044863.5056572,70
1689044863.5562391,61
1689044863.6062434,52
1689044863.656238,47
1689044863.7062383,45
1689044863.756238,40
1689044863.805946,32
1689044863.8561563,23
1689044863.9062755,16
1689044863.9553175,11
1689044864.0057504,9
1689044864.0559132,6
1689044864.1059186,4
1689044864.155918,14
1689044864.2059128,54
1689044864.255913,86
1689044864.3059127,81
1689044864.355979,69
1689044864.4059188,60
1689044864.4559133,54
1689044864.505918,53
1689044864.5559132,50
1689044864.6059127,43
1689044864.6562653,34
1689044864.7058334,25
1689044864.7558339,20
1689044864.8058338,18
1689044864.855833,17
1689044864.9065,18
1689044864.955765,18
1689044865.0057652,37
1689044865.0437655,72
1689044865.0927653,85
1689044865.1437645,80
1689044865.1927693,69
1689044865.2527645,60
1689044865.3027642,55
1689044865.3530245,53
1689044865.4030569,49
1689044865.4530628,42
1689044865.5030618,34
1689044865.553057,27
1689044865.6030612,23
1689044865.6530576,20
1689044865.703133,19
1689044865.7530615,17
1689044865.803057,14
1689044865.8530567,11
1689044865.903061,34
1689044865.953063,74
1689044866.0030558,78
1689044866.0420606,67
1689044866.0890558,58
1689044866.1392348,50
1689044866.1892812,47
1689044866.2386744,46
1689044866.2895503,42
1689044866.3387573,33
1689044866.388772,23
1689044866.4387758,16
1689044866.488771,11
1689044866.5387707,8
1689044866.588777,6
1689044866.6387713,3
1689044866.6897712,0
1689044866.739775,0
1689044866.7897716,5
1689044866.839775,51
1689044866.8897715,86
1689044866.939771,77
1689044866.9898317,58
1689044867.02277,42
1689044867.0727766,38
1689044867.1227708,39
1689044867.1727743,40
1689044867.22277,35
1689044867.2727745,22
1689044867.3227744,10
1689044867.37277,1
1689044867.4227703,0
1689044867.4735065,0
1689044867.5235503,0
1689044867.573558,0
1689044867.6235597,0
1689044867.673553,48
1689044867.7227206,92
1689044867.7729945,89
1689044867.8229988,54
1689044867.872999,44
1689044867.9229944,40
1689044867.9729989,40
1689044868.0089984,40
1689044868.0589948,38
1689044868.1089993,32
1689044868.1589985,26
1689044868.208997,23
1689044868.258998,20
1689044868.308995,18
1689044868.3589945,18
1689044868.4089935,20
1689044868.4589977,39
1689044868.5089934,66
1689044868.5589988,73
1689044868.6089978,65
1689044868.658998,56
1689044868.7229948,50
1689044868.7729971,48
1689044868.8229935,48
1689044868.8729928,42
1689044868.9229922,37
1689044868.9729924,31
1689044869.008997,27
1689044869.0559971,26
1689044869.1059966,25
1689044869.1559973,25
1689044869.2059987,25
1689044869.2559965,37
1689044869.3059914,62
1689044869.3559966,74
1689044869.4059923,68
1689044869.4559917,60
1689044869.505996,54
1689044869.555992,50
1689044869.605992,49
1689044869.6559923,47
1689044869.705997,41
1689044869.7559907,36
1689044869.8059916,31
1689044869.855991,30
1689044869.9059958,29
1689044869.9559908,29
1689044870.005995,30
1689044870.0449915,35
1689044870.0929909,53
1689044870.1429908,68
1689044870.192996,65
1689044870.2429905,59
1689044870.2929904,54
1689044870.3429945,50
1689044870.3929944,48
1689044870.4429944,46
1689044870.492997,42
1689044870.5429904,37
1689044870.5929961,33
1689044870.6429904,30
1689044870.6929903,29
1689044870.7429938,28
1689044870.7929897,27
1689044870.8429897,26
1689044870.8929935,39
1689044870.9429944,57
1689044870.9929936,62
1689044871.0259945,56
1689044871.0759935,52
1689044871.125989,48
1689044871.1759932,46
1689044871.236993,46
1689044871.2869945,43
1689044871.3369884,39
1689044871.386993,34
1689044871.4369888,31
1689044871.4869885,29
1689044871.5369928,29
1689044871.5869932,28
1689044871.6369922,26
1689044871.6869924,25
1689044871.736992,28
1689044871.786988,44
1689044871.836988,62
1689044871.8869877,62
1689044871.936992,55
1689044871.9869921,48
1689044872.0199878,45
1689044872.0699916,44
1689044872.1209931,43
1689044872.1699867,40
1689044872.219997,34
1689044872.2699873,28
1689044872.3199873,22
1689044872.369991,19
1689044872.419987,17
1689044872.4699914,15
1689044872.5199916,14
1689044872.5699868,13
1689044872.6199908,13
1689044872.671986,18
1689044872.7219865,42
1689044872.7699919,65
1689044872.820987,64
1689044872.870991,52
1689044872.9209907,42
1689044872.97099,38
1689044873.0089898,39
1689044873.0539908,40
1689044873.1039867,36
1689044873.153986,30
1689044873.20399,24
1689044873.2539852,20
1689044873.3039854,17
1689044873.3539858,17
1689044873.4039855,17
1689044873.4539905,16
1689044873.5039854,18
1689044873.5539844,35
1689044873.6039844,61
1689044873.6549852,71
1689044873.7039857,62
1689044873.7539847,50
1689044873.8039846,41
1689044873.8539908,40
1689044873.9039843,40
1689044873.953984,39
1689044874.0039883,34
1689044874.036989,29
1689044874.0869887,26
1689044874.136985,22
1689044874.186988,21
1689044874.236984,20
1689044874.2869833,20
1689044874.336988,30
1689044874.3869834,55
1689044874.4369876,75
1689044874.486984,73
1689044874.5369873,63
1689044874.5869827,53
1689044874.6369839,47
1689044874.6869876,46
1689044874.7369823,43
1689044874.7870262,38
1689044874.8370256,31
1689044874.8870213,25
1689044874.9370253,20
1689044874.9870253,18
1689044875.021025,17
1689044875.0710216,17
1689044875.1220212,25
1689044875.1710248,50
1689044875.222021,73
1689044875.271025,74
1689044875.3210244,65
1689044875.37102,56
1689044875.4210205,49
1689044875.4710205,47
1689044875.5210204,44
1689044875.5710247,40
1689044875.6210206,35
1689044875.6710203,30
1689044875.721024,27
1689044875.7710195,26
1689044875.8210242,25
1689044875.8710198,26
1689044875.921024,39
1689044875.971024,64
1689044876.0100234,74
1689044876.0600233,71
1689044876.1100197,61
1689044876.1600246,53
1689044876.2210233,50
1689044876.2710242,48
1689044876.3210192,44
1689044876.371023,39
1689044876.4210188,33
1689044876.4710197,29
1689044876.5210228,27
1689044876.5710244,27
1689044876.6210182,27
1689044876.6730187,31
1689044876.7220235,48
1689044876.771022,69
1689044876.821019,71
1689044876.871018,63
1689044876.921018,56
1689044876.9710183,51
1689044877.0100236,49
1689044877.0540178,48
1689044877.1040173,45
1689044877.154017,40
1689044877.2040217,37
1689044877.254017,33
1689044877.3040218,31
1689044877.3540215,30
1689044877.404017,28
1689044877.4540226,27
1689044877.5040731,30
1689044877.5540686,47
1689044877.6040735,64
1689044877.654074,64
1689044877.7040675,57
1689044877.7540677,51
1689044877.80407,48
1689044877.8540683,47
1689044877.9040675,45
1689044877.9540675,41
1689044878.0040722,36
1689044878.043068,31
1689044878.0900726,29
1689044878.140068,28
1689044878.1900718,27
1689044878.2400675,25
1689044878.2900677,24
1689044878.3400674,22
1689044878.3900726,30
1689044878.440067,52
1689044878.4896,64
1689044878.5403147,58
